累计代理总数,当日新增代理数,当日活跃代理数,代理佣金总额,代理贡献毛利占比,当日充值总额,当日充值笔数,当日充值人数,平均单笔充值额,当日提现总额,当日提现笔数,当日提现人数,充提差额（净流入）,充提比率,投注总额,有效打码总额,派彩总额,平台毛利润（GGR）,彩金总费用,返水总费用,平台净利润（NGR）,毛利率,净利率
19,10,4,5558.8196,100%,31550,9,8,3505.555555555555555555555556,245,5,3,31305,128.7755102040816326530612245,171187.925,167781.925,158367.3355,12820.5895,315.5,1198.67726,5747.59264,7.49%,3.36%
